year,sector,monthly_minimum_wage_usd,note
2014,"textile, garment, footwear, travel goods and bags",100,annual MLVT Prakas
2015,"textile, garment, footwear, travel goods and bags",128,annual MLVT Prakas
2016,"textile, garment, footwear, travel goods and bags",140,annual MLVT Prakas
2017,"textile, garment, footwear, travel goods and bags",153,annual MLVT Prakas
2018,"textile, garment, footwear, travel goods and bags",170,annual MLVT Prakas
2019,"textile, garment, footwear, travel goods and bags",182,annual MLVT Prakas
2020,"textile, garment, footwear, travel goods and bags",190,annual MLVT Prakas
2021,"textile, garment, footwear, travel goods and bags",192,annual MLVT Prakas
2022,"textile, garment, footwear, travel goods and bags",194,annual MLVT Prakas
2023,"textile, garment, footwear, travel goods and bags",200,annual MLVT Prakas
2024,"textile, garment, footwear, travel goods and bags",204,annual MLVT Prakas
2025,"textile, garment, footwear, travel goods and bags",208,annual MLVT Prakas
2026,"textile, garment, footwear, travel goods and bags",210,Prakas no. 214 (2025) for 2026
