request_id,employee_id,leave_type,start_date,end_date,working_days,status,reason
LR0001,E001,sick,2026-07-21,2026-07-21,1,approved,
LR0002,E001,annual,2026-09-22,2026-09-24,3,approved,
LR0003,E001,sick,2026-08-11,2026-08-11,1,approved,
LR0004,E004,sick,2026-03-04,2026-03-04,1,approved,
LR0005,E004,annual,2026-04-07,2026-04-08,2,approved,
LR0006,E005,annual,2026-05-14,2026-05-14,1,approved,
LR0007,E005,annual,2026-04-12,2026-04-12,1,approved,
LR0008,E006,sick,2026-07-12,2026-07-12,1,approved,
LR0009,E006,annual,2026-06-24,2026-06-26,3,approved,
LR0010,E006,special,2026-03-07,2026-03-09,3,approved,
LR0011,E007,annual,2026-06-13,2026-06-13,1,approved,
LR0012,E007,sick,2026-06-09,2026-06-11,3,approved,
LR0013,E008,annual,2026-07-01,2026-07-01,1,approved,
LR0014,E009,annual,2026-04-02,2026-04-02,1,approved,
LR0015,E009,sick,2026-07-05,2026-07-05,1,approved,
LR0016,E009,sick,2026-02-06,2026-02-06,1,approved,
LR0017,E009,annual,2026-04-12,2026-04-13,2,approved,
LR0018,E010,sick,2026-02-06,2026-02-06,1,approved,
LR0019,E010,annual,2026-05-24,2026-05-26,3,approved,
LR0020,E010,special,2026-05-22,2026-05-22,1,approved,
LR0021,E011,annual,2026-07-02,2026-07-03,2,approved,
LR0022,E011,annual,2026-05-05,2026-05-05,1,approved,
LR0023,E012,annual,2026-01-17,2026-01-17,1,approved,
LR0024,E012,annual,2026-06-14,2026-06-14,1,approved,
LR0025,E012,annual,2026-02-04,2026-02-06,3,approved,
LR0026,E012,annual,2026-05-09,2026-05-09,1,approved,
LR0027,E013,annual,2026-07-18,2026-07-18,1,approved,
LR0028,E014,annual,2026-09-18,2026-09-18,1,approved,
LR0029,E014,annual,2026-05-08,2026-05-09,2,approved,
LR0030,E014,sick,2026-07-18,2026-07-18,1,approved,
LR0031,E015,sick,2026-06-01,2026-06-03,3,approved,
LR0032,E015,sick,2026-03-22,2026-03-22,1,approved,
LR0033,E016,annual,2026-06-13,2026-06-14,2,approved,
LR0034,E016,annual,2026-01-12,2026-01-12,1,approved,
LR0035,E017,annual,2026-02-18,2026-02-18,1,approved,
LR0036,E017,annual,2026-05-14,2026-05-16,3,approved,
LR0037,E017,annual,2026-04-07,2026-04-09,3,approved,
LR0038,E017,annual,2026-01-24,2026-01-25,2,approved,
LR0039,E018,annual,2026-02-10,2026-02-10,1,approved,
LR0040,E019,annual,2026-05-04,2026-05-04,1,approved,
LR0041,E019,sick,2026-08-03,2026-08-03,1,approved,
LR0042,E020,sick,2026-03-01,2026-03-01,1,approved,
LR0043,E020,special,2026-08-19,2026-08-21,3,approved,
LR0044,E021,special,2026-05-17,2026-05-18,2,approved,
LR0045,E022,annual,2026-08-15,2026-08-15,1,approved,
LR0046,E023,sick,2026-05-12,2026-05-12,1,approved,
LR0047,E023,sick,2026-09-15,2026-09-15,1,approved,
LR0048,E023,annual,2026-03-07,2026-03-07,1,approved,
LR0049,E023,sick,2026-01-14,2026-01-15,2,approved,
LR0050,E024,special,2026-07-10,2026-07-12,3,approved,
LR0051,E024,annual,2026-03-09,2026-03-10,2,approved,
LR0052,E024,special,2026-08-04,2026-08-06,3,approved,
LR0053,E024,annual,2026-09-03,2026-09-03,1,approved,
LR0054,E025,sick,2026-03-19,2026-03-21,3,approved,
LR0055,E025,annual,2026-02-20,2026-02-20,1,approved,
LR0056,E026,sick,2026-03-15,2026-03-16,2,approved,
LR0057,E027,annual,2026-04-22,2026-04-23,2,approved,
LR0058,E027,sick,2026-03-09,2026-03-10,2,approved,
LR0059,E027,special,2026-04-19,2026-04-20,2,approved,
LR0060,E027,annual,2026-08-23,2026-08-23,1,approved,
LR0061,E029,annual,2026-05-24,2026-05-24,1,approved,
LR0062,E029,annual,2026-07-13,2026-07-13,1,approved,
LR0063,E029,annual,2026-03-20,2026-03-22,3,approved,
LR0064,E029,sick,2026-04-08,2026-04-08,1,approved,
LR0065,E030,annual,2026-09-25,2026-09-27,3,approved,
LR0066,E030,annual,2026-03-25,2026-03-25,1,approved,
LR0067,E004,annual,2026-10-20,2026-10-21,2,pending,family visit
