date,weekday,name,source
2026-01-01,Thursday,International New Year Day,"Sub-Decree No. 167 (18 Sep 2025), as reported by AKP, Andersen Cambodia and TSM Law Group"
2026-01-07,Wednesday,Victory over Genocide Day,"Sub-Decree No. 167 (18 Sep 2025), as reported by AKP, Andersen Cambodia and TSM Law Group"
2026-03-08,Sunday,International Women's Day,"Sub-Decree No. 167 (18 Sep 2025), as reported by AKP, Andersen Cambodia and TSM Law Group"
2026-04-14,Tuesday,Khmer New Year,"Sub-Decree No. 167 (18 Sep 2025), as reported by AKP, Andersen Cambodia and TSM Law Group"
2026-04-15,Wednesday,Khmer New Year,"Sub-Decree No. 167 (18 Sep 2025), as reported by AKP, Andersen Cambodia and TSM Law Group"
2026-04-16,Thursday,Khmer New Year,"Sub-Decree No. 167 (18 Sep 2025), as reported by AKP, Andersen Cambodia and TSM Law Group"
2026-05-01,Friday,International Labour Day and Visak Bochea Day,"Sub-Decree No. 167 (18 Sep 2025), as reported by AKP, Andersen Cambodia and TSM Law Group"
2026-05-05,Tuesday,Royal Ploughing Ceremony,"Sub-Decree No. 167 (18 Sep 2025), as reported by AKP, Andersen Cambodia and TSM Law Group"
2026-05-14,Thursday,Birthday of King Norodom Sihamoni,"Sub-Decree No. 167 (18 Sep 2025), as reported by AKP, Andersen Cambodia and TSM Law Group"
2026-06-18,Thursday,Birthday of Queen Mother Norodom Monineath Sihanouk,"Sub-Decree No. 167 (18 Sep 2025), as reported by AKP, Andersen Cambodia and TSM Law Group"
2026-09-24,Thursday,Constitution Day,"Sub-Decree No. 167 (18 Sep 2025), as reported by AKP, Andersen Cambodia and TSM Law Group"
2026-10-10,Saturday,Pchum Ben Festival,"Sub-Decree No. 167 (18 Sep 2025), as reported by AKP, Andersen Cambodia and TSM Law Group"
2026-10-11,Sunday,Pchum Ben Festival,"Sub-Decree No. 167 (18 Sep 2025), as reported by AKP, Andersen Cambodia and TSM Law Group"
2026-10-12,Monday,Pchum Ben Festival,"Sub-Decree No. 167 (18 Sep 2025), as reported by AKP, Andersen Cambodia and TSM Law Group"
2026-10-15,Thursday,Commemoration Day of King Father Norodom Sihanouk,"Sub-Decree No. 167 (18 Sep 2025), as reported by AKP, Andersen Cambodia and TSM Law Group"
2026-10-29,Thursday,Coronation Day of King Norodom Sihamoni,"Sub-Decree No. 167 (18 Sep 2025), as reported by AKP, Andersen Cambodia and TSM Law Group"
2026-11-09,Monday,Independence Day,"Sub-Decree No. 167 (18 Sep 2025), as reported by AKP, Andersen Cambodia and TSM Law Group"
2026-11-23,Monday,Water Festival,"Sub-Decree No. 167 (18 Sep 2025), as reported by AKP, Andersen Cambodia and TSM Law Group"
2026-11-24,Tuesday,Water Festival,"Sub-Decree No. 167 (18 Sep 2025), as reported by AKP, Andersen Cambodia and TSM Law Group"
2026-11-25,Wednesday,Water Festival,"Sub-Decree No. 167 (18 Sep 2025), as reported by AKP, Andersen Cambodia and TSM Law Group"
2026-12-29,Tuesday,Peace Day,"Sub-Decree No. 167 (18 Sep 2025), as reported by AKP, Andersen Cambodia and TSM Law Group"
