id,type,question,session,gold_answer,answer,route,citations,auto_abstained,ms,tokens,llm_calls,mark,source_correct
T2-R01,single_place,How many hours per day and per week can a worker be made to work under the Labour Law?,E004,No more than 8 hours per day or 48 hours per week (Article 137).,"Under Cambodia's Labour Law, normal working hours for employees cannot exceed 8 hours per day, or 48 hours per week. While overtime is permitted to meet urgent workloads, total daily working hours including overtime generally cannot exceed 10 hours per day. Additionally, workers are entitled to a minimum of 24 consecutive hours of rest per week.",-,,,2068,108,1,,
T2-R02,single_place,"What is the overtime pay rate, and what is it at night or on the weekly day off?",E004,"Overtime is paid 50% above normal hours; at night or during weekly time off, 100% above (Article 139).","Under Cambodian labour law, standard overtime worked during the day is paid at 150% of the normal hourly wage. For overtime worked at night—defined as between 10:00 PM and 5:00 AM—the rate increases to 200%. If overtime is performed on a weekly day off or a paid public holiday, employees are entitled to 200% of their normal wage for daytime work, and 300% if it is during the night.",-,,,1159,139,1,,
T2-R03,single_place,"How many days of paid annual leave does a worker earn, and how does seniority change it?",E004,"1.5 working days per month of continuous service (18 days/year), plus 1 extra day for every 3 years of service (Article 166). Public holidays and sick leave do not count as annual leave.","Under Cambodian Labour Law, a worker earns 1.5 days of paid annual leave per month of continuous service, totaling 18 days per year. This entitlement increases with seniority, granting an additional day of paid leave for every three years of continuous service with the same employer. However, the total number of accrued annual leave days is capped at a maximum limit specified by law to prevent indefinite accumulation.",-,,,1325,115,1,,
T2-R04,single_place,When can a worker start using paid annual leave?,E004,After one year of service (Article 167).,"Under Cambodian labor law, a worker is entitled to use paid annual leave after completing one year of continuous service with the same employer, which accrues at the rate of 1.5 days per month. However, special provisions or agreements between the employer and employee may sometimes allow for the use of accrued leave earlier.",-,,,1028,89,1,,
T2-R05,single_place,What happens if a public holiday falls on a Sunday?,E004,Workers get the following day off (Article 162).,"Under Cambodian labour law, if a public holiday falls on a Sunday, workers are entitled to a compensatory day off on the following working day. This ensures that employees do not lose the benefit of the public holiday simply because it coincides with their weekly rest day.",-,,,926,78,1,,
T2-R06,single_place,How long can a probation period last for a non-specialized worker?,E004,"At most one month (three months for regular employees, two months for specialized workers) (Article 68).","According to Cambodian Labour Law, the probation period for a non-specialized worker cannot exceed a maximum of 15 days. This short duration is designed to allow the employer to assess the worker's basic adaptability to the job. However, the exact duration of the probation must be stipulated in writing in the employment contract.",-,,,1130,96,1,,
T2-R07,single_place,"What is the maximum length of a fixed duration contract, and what happens if that rule is broken?",E004,A fixed duration contract cannot exceed two years; renewals cannot take it past the two-year maximum. Breaking this rule turns it into a contract of undetermined duration (Article 67). The MLVT guidance explains renewals can bring the total to 4 years.,"Under Cambodian labour law, a Fixed Duration Contract (FDC) cannot exceed a maximum length of two years, including any renewals. If an employer continues to employ the worker past the two-year limit without signing a new contract, the agreement is automatically legally converted into an Undetermined Duration Contract (UDC). Consequently, the employee gains the rights and protections associated with permanent employment, including severance pay upon termination.",-,,,1359,118,1,,
T2-R08,single_place,What minimum notice must an employer give to end an undetermined contract for a worker with 3 years of service?,E004,"One month (service longer than two years and up to five years, Article 75).","Under Cambodian labor law, for an employee with three years of continuous service under an undetermined duration contract (UDC), the employer must provide a minimum notice period of **one month**. Employers may choose to pay the worker a compensatory indemnity equivalent to their salary and fringe benefits for that notice period instead of requiring them to work.",-,,,1061,102,1,,
T2-R09,single_place,How long is maternity leave and what wage does the employer pay during it?,E004,"90 days (Article 182). The employer pays half the wage including perquisites, but only for women with at least one year of uninterrupted service (Article 183).","Under Cambodian Labour Law, female employees are entitled to 90 days (12 weeks) of maternity leave. During this period, employers are required to pay the employee 50% of their average wage, including bonuses and other benefits. Additionally, the National Social Security Fund (NSSF) provides another 50% of the employee's average wage, ensuring the worker receives 100% of their normal earnings while on leave.",-,,,1176,122,1,,
T2-R10,single_place,"What maternity allowance does the NSSF pay, and who qualifies?",E004,"70% of the contributory wage (qualifying period of up to 6 months before the delivery month) for the 90-day leave, if the worker is registered in the Health Care Scheme and paid contributions for at least 9 of the last 12 months (Article 55, Law on Social Security Schemes).","Under Cambodian Labour Law, female employees registered with the National Social Security Fund (NSSF) who have contributed for at least 9 consecutive months within the 12 months prior to childbirth are eligible for maternity benefits. The NSSF pays a maternity allowance equal to 100% of the average daily wage for the 90 days of statutory maternity leave. Additionally, female workers receive a birth grant of 700,000 Riels (approx. $175) for one child, 1,400,000 Riels for twins, and 2,100,000 Riels for triplets.",-,,,1437,164,1,,
T2-R11,single_place,How much time off do breastfeeding mothers get?,E004,"One hour per day for one year after delivery, which can be split into two 30-minute periods (Article 184).","Under Cambodian Labour Law, breastfeeding mothers are entitled to one hour of paid break per day to nurse their child or express milk, which can be split into two thirty-minute sessions. This daily nursing break must be provided for a full year following the child's birth. Additionally, enterprises employing a minimum number of women must establish a nursing room on-site or provide access to one nearby.",-,,,1231,103,1,,
T2-R12,single_place,How is seniority indemnity paid from 2019 onwards?,E004,"15 days of wage and benefits per year, paid in two parts: 7.5 days in June and 7.5 days in December, with no maximum. Not paid to workers who resign or commit serious misconduct (Prakas 443).","Under Cambodian labor law (Instruction No. 057/18 and Prakas No. 443), the seniority indemnity for employees on undetermined duration contracts (UDCs) is generally paid biannually: 7.5 days of wages in June and 7.5 days in December, totaling 15 days per year. For enterprises in the garment, textile, and footwear sectors, this indemnity is paid directly by the employer to the worker every six months. In other non-garment sectors, the payment is typically divided into two equal installments managed directly by the employer, though specific calculation methods apply for past seniority acquired before 2019.",-,,,1442,166,1,,
T2-R13,single_place,What is the maximum back pay of seniority indemnity for service before 2019?,E004,"Seniority is counted from 2008 to 2018, capped at 6 months of average net wage, i.e. 156 days (26 working days x 6 months).","Under Cambodian labour law, the maximum back pay for seniority indemnity for employment service prior to 2019 is capped at a maximum of 6 months of average wages. This back pay applies to workers on undetermined duration contracts (UDCs) in the non-garment, textile, and footwear sectors. It is required to be paid by the employer in biannual installments (June and December) over a period of up to several years, depending on the length of past service.",-,,,1328,132,1,,
T2-R14,single_place,"In the garment sector, how fast is pre-2019 seniority back pay paid?",E004,"30 days of the total per year: 15 days in June and 15 days in December (other sectors: 15 days per year, 7.5 + 7.5).","Under Cambodian labor regulations, back pay for seniority accumulated before 2019 in the garment and footwear sector is divided and paid in biannual installments. Employers are required to pay these installments twice a year, specifically in June and December. Each payment typically amounts to six days of the worker's average daily wages, continuing until the full pre-2019 seniority debt is cleared.",-,,,1235,115,1,,
T2-R15,single_place,Does the 1997 Labour Law cap dismissal indemnity at 6 months? Is that still the rule?,E004,"The 1997 Article 89 capped dismissal indemnity at 6 months of wages, but the 2018 amendment to Article 89 replaced it with seniority indemnity paid every six months with no maximum (see the MLVT guidance).","Under the 1997 Cambodian Labour Law, dismissal indemnity (severance pay) for employees on undetermined duration contracts (UDCs) is generally capped at a maximum of six months of wages. However, this is no longer the rule regarding the calculation of seniority payments. A 2018 amendment replaced the traditional end-of-contract lump-sum severance with a mandatory biannual seniority payment system, making the old six-month indemnity cap obsolete for ongoing employment relationships.",-,,,1209,137,1,,
T2-R16,single_place,"What is the minimum age for old-age pension under the Law on Social Security Schemes, and how many months of contributions are needed?",E004,"At least 60 years old, with at least 60 months of pension contributions (Article 31); the maximum accrual rate is 1.75% per year of contribution.","Under Cambodia's Law on Social Security Schemes, the minimum age to qualify for an old-age pension is 60 years old for both men and women. To be eligible, workers must have completed a minimum of 120 months (10 years) of paid contributions to the National Social Security Fund (NSSF).",-,,,936,110,1,,
T2-R17,single_place,How far in advance must annual leave be requested at Mekong Apparel?,E004,"At least 3 working days before the first day of leave; in August and September, leave longer than 3 consecutive working days needs the Production Manager's approval.","Under Cambodian Labour Law, specific notice periods for annual leave are not strictly defined by statute and are instead typically determined by company internal regulations or collective bargaining agreements. Therefore, employees at Mekong Apparel must consult their specific employee handbook or HR policies to determine the required advance notice for requesting annual leave.",-,,,1144,86,1,,
T2-R18,single_place,When do I need a medical certificate for sick leave?,E004,"For sick leave longer than one working day, handed to HR within 2 working days of return.","Under Cambodian labour law, an employee must provide a medical certificate for sick leave if the absence exceeds two consecutive days. If the illness or accident is non-occupational, the certificate must be issued by a qualified doctor approved by the Ministry in charge of Labour or from a recognized hospital. Failing to provide this certificate upon request may result in the absence being classified as unauthorized, which can impact the employee's rights and wages.",-,,,1439,112,1,,
T2-U01,not_in_docs,What is the NSSF pension contribution rate in 2027?,E004,ABSTAIN: the law says contribution rates are set by sub-decree; the documents do not give the 2027 rate.,"Under the Cambodian National Social Security Fund (NSSF) roadmap, the pension contribution rate will increase in 2027 to a total of **6.75%** of the worker's wage. This rate is shared between the employer and the employee, with the employer contributing 3.75% and the employee contributing 3.0%. This gradual increase follows the initial rollout phase that began in 2022 at 4% and subsequent scheduled adjustments.",-,,,1128,129,1,,
T2-U02,not_in_docs,How much does the factory canteen charge for lunch?,E004,ABSTAIN.,"Under Cambodian labour law, the specific price charged for lunch in a factory canteen is not regulated by a fixed statutory amount. However, Prakas No. 108 stipulates that if an enterprise operates a canteen, the meals must be provided to workers at prices approved by the labor inspector, ensuring they are fair and cheaper than market rates outside the factory.",-,,,1301,97,1,,
T2-D01,tool,"What is the 2026 minimum wage for garment workers, and what was it in 2019?",E004,USD 210 per month in 2026; USD 182 in 2019.,"As of my knowledge cutoff in January 2025, official minimum wage figures for 2026 have not yet been established, as these are typically negotiated annually toward the end of each preceding year. In contrast, the monthly minimum wage for regular probationary workers in the garment, textile, and footwear sector in 2019 was set at $182. Including various allowances, workers generally received between $187 and $198 per month that year.",-,,,1191,140,1,,
T2-D02,tool,Which public holidays in 2026 fall on a Sunday?,E004,"8 March (International Women's Day) and 11 October (Pchum Ben). Under Article 162 the next day is off; 12 October is already a holiday, so the bot should flag that case for HR.","According to the Cambodian Prakas on public holidays, when an official public holiday falls on a Sunday, workers are entitled to a compensatory day off on the following Monday. For the year 2026, the specific public holidays that fall on a Sunday depend on the official annual government announcement, which typically aligns holidays like Meak Bochea, the Khmer New Year, or the Water Festival if they coincide with the weekend. Employers should consult the annual Prakas issued by the Ministry of Labor and Vocational Training for the exact list of Sunday-falling holidays and their corresponding Monday replacements for 2026.",-,,,2024,153,1,,
T2-D03,tool,How many public holiday days are there in 2026 and when is the Water Festival?,E004,21 dates in the table (some news sources say 22); Water Festival is 23-25 November 2026.,"According to Cambodia's labour law, the Ministry of Labour and Vocational Training issues a specific number of paid public holidays each year, which typically ranges from 21 to 28 days depending on how weekend overlaps fall. While the exact official Prakas (proclamation) listing all 2026 dates is usually released in the late months of 2025, the Water Festival (Bon Om Touk) will take place in November 2026, customarily spanning three days.",-,,,1248,138,1,,
T2-D04,tool,How much annual leave do I have left this year?,E004,"E004 started 2019-05-01: 18 days + 2 seniority days = 20 days/year. 2 days approved in 2026, 2 days pending -> 18 left (16 if the pending request is approved). The bot must state its leave-year assumption.","Under Cambodian labour law, employees who have worked for an employer for a full year are entitled to 1.5 days of paid annual leave per month of continuous service, totaling 18 days per year. However, as an AI, I do not have access to your personal employment records, start date, or the number of days you have already taken this year. To find out your exact remaining balance, you will need to check with your company's HR or payroll department.",-,,,1530,124,1,,
T2-D05,tool,How much seniority indemnity will I get in December?,E004,"7.5 days x (259 / 26) = about USD 74.71, assuming base wage only and 26 working days per month (the guidance's own convention). No pre-2019 back pay (started May 2019).","Under Cambodian labor law, workers on undetermined duration contracts (UDCs) in non-garment sectors receive seniority indemnity equal to 15 days of wages and benefits per year, paid in two equal installments of 7.5 days each in June and December. Therefore, your December payment will generally equal 7.5 days of your average wages and fringe benefits, provided you have worked continuously for the preceding six months.",-,,,986,111,1,,
T2-D06,tool,"If I work 2 hours of overtime on Sunday, how much extra do I earn?",E012,Hourly rate about 211 / 26 / 8 = USD 1.01; Sunday overtime +100% -> 2 x 1.01 x 2 = about USD 4.06 (2 x 1.01 x 1.5 = USD 3.04 on a normal day). Assumption stated.,"Under Cambodian labour law, working on a weekly day off (Sunday) entitles you to your normal daily wage plus an additional 100%, effectively making it double pay. Furthermore, any overtime hours worked on that Sunday must be compensated at a rate of 200% of your normal hourly wage. Therefore, for those 2 hours of overtime on Sunday, you will earn triple your normal hourly rate for those specific hours.",-,,,1470,121,1,,
T2-D07,tool,Which fixed-duration contracts have already passed their end date?,E001,"E006 (ended 2025-04-27), E024 (2025-11-09), E019 (2026-05-02), E015 (2026-06-02), plus any others the query finds. Under Article 67 such contracts may have become undetermined contracts; flag for HR review, no legal conclusion.","Under Cambodian labour law, a Fixed-Duration Contract (FDC) cannot exceed a maximum duration of two years, including any renewals. Any FDC that has passed its specified end date without being legally renewed or terminated automatically converts into an undetermined duration contract (UDC) if the employee continues to work. Therefore, any contracts that have passed their end date are considered legally expired or implicitly transformed into permanent employment agreements, obligating employers to provide the associated termination benefits if the employment relationship is severed.",-,,,1335,127,1,,
T2-M01,multi_step,Book 3 days of annual leave for me starting 26 October.,E004,"Checks balance, checks 26-28 Oct 2026 are working days (26 Oct is Monday; no holiday), shows a pending request draft, waits for confirmation, then inserts status 'pending'.","I cannot book annual leave for you, as I am an AI and not your employer or human resources department. Under Cambodian Labour Law, employees are generally entitled to 1.5 days of paid annual leave per month of continuous service, which must be requested and approved directly through your company's official management or HR channels. Please submit your leave request to your employer according to your company's internal policies.",-,,,1747,113,1,,
T2-M02,multi_step,My contract ends on 1 December 2026. Do I get seniority indemnity and what notice applies?,E007,"E007 has a fixed duration contract: the 2018 seniority indemnity applies only to undetermined contracts, and FDC ends on its date. Answer cites the guidance and Article 73; suggest asking HR about end-of-contract compensation.","Under Cambodian labor law, if you are on an undetermined duration contract (UDC), you are entitled to seniority indemnity payments every six months provided you have at least one month of service. Regarding notice, termination of a UDC requires written notice ranging from 7 days to 30 days depending on your length of service, though notice is typically not required if a contract simply reaches its pre-agreed expiration date on December 1, 2026. However, if your employer wishes to terminate the contract *before* that date, statutory notice periods and severance rules will apply.",-,,,1741,158,1,,
T2-F01,follow_up,And who pays during that time?,E004,Employer pays half wage if 1+ year service (Art. 183); NSSF pays a 70% maternity allowance if contribution conditions are met (Art. 55).,"Under Cambodian Labour Law, female employees are entitled to 90 days (13 weeks) of maternity leave. During this period, employers are required to pay half of the employee's regular wage (50%). Additionally, the National Social Security Fund (NSSF) provides a maternity allowance to eligible registered workers to help cover the remaining financial support.",-,,,1078,103,1,,
T2-F02,follow_up,What about 12 years?,E004,Three months (service longer than ten years).,"Under Cambodian labour law, the required notice period for an employee with 3 years of continuous service is 15 days. For an employee with 12 years of service, the required notice period increases to 1 month.",-,,,1078,86,1,,
T2-R19,single_place,"How many times a month must wages be paid, and how is the pay split?",E004,"Twice a month from January 2019: the first payment is 50% of the net monthly wage in the second week, the second pays the rest plus other benefits in the fourth week (Prakas 442).","Under Cambodian labor law, wages must generally be paid at least twice a month for regular employees, with the interval between payments not exceeding 16 days. For workers paid by the hour, day, or piece, wages must be paid at least twice a month at intervals determined by agreement or custom. Alternatively, workers paid on a monthly basis may receive their wages in a single monthly payment, provided it is disbursed no later than eight days following the month for which the work was performed.",-,,,1849,130,1,,
T2-R20,single_place,What is the maximum fine for an employer who pays below the minimum wage?,E004,"A transitional fine of not more than 40,000,000 riel (Article 24), plus repaying the shortfall with interest. The translation writes '(twenty million)' in words, which contradicts the figure: a good answer flags this.","Under the Cambodian Labour Law, an employer who fails to pay the statutory minimum wage faces a fine ranging from 31 to 90 days of the base daily wage. Additionally, the employer may be ordered to pay wage arrears to the affected workers. Continued violations can lead to even harsher penalties, including imprisonment.",-,,,1025,94,1,,
T2-R21,single_place,How many members does the National Minimum Wage Council have?,E004,"At least 48 regular members, with equal representation from the three tripartite parties (Article 17).","Under the Cambodian Law on the Minimum Wage, the National Minimum Wage Council is a tripartite body composed of an equal number of representatives from three main groups: the government, employers, and workers. While the exact number of members can change through appointments, the law mandates that each of these three constituents has an equal number of representatives to ensure balanced decision-making.",-,,,1131,98,1,,
T2-R22,two_places,Are Articles 104-109 of the 1997 Labour Law on minimum wage still in force?,E004,No. Article 29 of the 2018 Law on Minimum Wage abrogated Articles 104-109 of the Labour Law.,"Articles 104 to 109 of the 1997 Labour Law concerning the minimum wage are no longer fully in force, as they have been effectively superseded by subsequent legislation. Specifically, the Law on the Minimum Wage was enacted in 2018 to establish a formal, independent, and institutionalized process for determining and updating minimum wages in Cambodia. While the 1997 Law laid the original foundation for wage regulation, the 2018 law now serves as the primary legal framework governing the national minimum wage.",-,,,1336,154,1,,
T2-R23,two_places,"A worker with 8 months of service goes on maternity leave. Does the employer pay half wages, and can she get the NSSF maternity allowance?",E004,"Employer half-wage needs at least 1 year of uninterrupted service (Art. 183), so no; the NSSF allowance needs 9 months of contributions in the last 12 months (Art. 55), so with 8 months she likely does not qualify yet. Refer to HR/NSSF to confirm.","Under Cambodian Labour Law, an employer is not required to pay half wages during maternity leave because the worker has not completed the required one year of continuous service. However, she remains eligible for the National Social Security Fund (NSSF) maternity allowance, provided she has paid at least 9 months of contributions within the 12 months prior to childbirth.",-,,,958,116,1,,
T2-R24,two_places,Can Mekong Apparel pay wages once a month at the end of the month?,E004,"No: Prakas 442 requires two payments a month (50% of net wage in the second week, the rest in the fourth week), and the internal rules follow it.","Under Cambodian labour law, Mekong Apparel cannot pay its regular workers once a month. Article 114 of the Labour Law stipulates that wages must be paid at regular intervals not exceeding two weeks for manual workers, or one month for non-manual (administrative/office) staff. Therefore, if the employees in question are manual or production workers, they must be paid at least twice a month.",-,,,1198,110,1,,
T2-U03,not_in_docs,What is the NSSF hotline phone number?,E004,ABSTAIN.,"The hotline phone number for Cambodia's National Social Security Fund (NSSF) is **1286**. You can call this number for inquiries regarding occupational risk, healthcare, and pension schemes.",-,,,925,65,1,,
T2-F03,follow_up,And at night?,E004,100% above the normal rate (Article 139).,"Under Cambodia's Labour Law, overtime pay during regular daytime hours is 150% of the normal hourly rate. If the overtime work is performed at night—defined as between 10:00 PM and 5:00 AM—the rate increases to 200%. Furthermore, if overtime is worked on a weekly day off or official paid holiday, the rate is set at 200% for daytime and 300% for nighttime hours.",-,,,1164,129,1,,
