case_id,question,gold_cards,top3,first_gold_rank,hit@3,note
T2-R01,How many hours per day and per week can a worker be made to work under the Labour Law?,labour_law:article_137,"[Internal Work Rules §2. Working hours and shifts] | [Labour Law Art. 194, p.34] | [Labour Law Art. 137, p.25]",3,yes,
T2-R02,"What is the overtime pay rate, and what is it at night or on the weekly day off?",labour_law:article_139,"[Internal Work Rules §3. Overtime] | [Labour Law Art. 139, p.25] | [Labour Law Art. 144, p.26]",2,yes,
T2-R03,"How many days of paid annual leave does a worker earn, and how does seniority change it?",labour_law:article_166,"[Labour Law Art. 166, p.29] | [Labour Law Art. 169, p.30] | [Internal Work Rules §8. Use of the HR assistant chatbot]",1,yes,
T2-R04,When can a worker start using paid annual leave?,labour_law:article_167,"[Labour Law Art. 169, p.30] | [Labour Law Art. 166, p.29] | [Labour Law Art. 171, p.30]",4,NO,
T2-R05,What happens if a public holiday falls on a Sunday?,labour_law:article_162;internal_work_rules:section_11,"[Internal Work Rules §5.5 Public holidays] | [Labour Law Art. 162, p.29] | [Labour Law Art. 148, p.27]",1,yes,
T2-R06,How long can a probation period last for a non-specialized worker?,labour_law:article_068,"[Labour Law Art. 68, p.12] | [Labour Law Art. 67, p.12] | [Labour Law Art. 248, p.42]",1,yes,
T2-R07,"What is the maximum length of a fixed duration contract, and what happens if that rule is broken?",labour_law:article_067;seniority_indemnity:scope,"[Labour Law Art. 67, p.12] | [MLVT Seniority Guidance 1. Scope of the Implementation of Seniority Indemnity, p.2] | [Labour Law Art. 73, p.14]",1,yes,two sources phrase the maximum differently
T2-R08,What minimum notice must an employer give to end an undetermined contract for a worker with 3 years of service?,labour_law:article_075,"[Labour Law Art. 67, p.12] | [Labour Law Art. 75, p.14] | [Labour Law Art. 89, p.17]",2,yes,
T2-R09,How long is maternity leave and what wage does the employer pay during it?,labour_law:article_182;labour_law:article_183,"[Labour Law Art. 182, p.33] | [Labour Law Art. 103, p.20] | [Internal Work Rules §5.4 Maternity leave]",1,yes,
T2-R10,"What maternity allowance does the NSSF pay, and who qualifies?",social_security:article_055,"[Social Security Law Art. 55, p.14] | [Labour Law Art. 103, p.20] | [Social Security Law Art. 39, p.11]",1,yes,
T2-R11,How much time off do breastfeeding mothers get?,labour_law:article_184,"[Labour Law Art. 362, p.60] | [Labour Law Art. 152, p.28] | [Labour Law Art. 184, p.33]",3,yes,
T2-R12,How is seniority indemnity paid from 2019 onwards?,seniority_indemnity:payment_2019,"[MLVT Seniority Guidance 3A. Payment of seniority indemnity from 2019, p.4] | [MLVT Seniority Guidance 3B. Back pay rules and wage definition, p.5] | [MLVT Seniority Guidance 2. Amendment Requiring the Payment of Seniority Indemnity, p.3]",1,yes,
T2-R13,What is the maximum back pay of seniority indemnity for service before 2019?,seniority_indemnity:payment_2019;seniority_indemnity:back_pay_and_wage_definition;seniority_indemnity:back_pay_index_table,"[MLVT Seniority Guidance 3A. Payment of seniority indemnity from 2019, p.4] | [MLVT Seniority Guidance 3B. Back pay rules and wage definition, p.5] | [MLVT Seniority Guidance 2. Amendment Requiring the Payment of Seniority Indemnity, p.3]",1,yes,
T2-R14,"In the garment sector, how fast is pre-2019 seniority back pay paid?",seniority_indemnity:payment_2019,"[MLVT Seniority Guidance 3A. Payment of seniority indemnity from 2019, p.4] | [MLVT Seniority Guidance 3B. Back pay rules and wage definition, p.5] | [Internal Work Rules §4. Pay]",1,yes,garment back pay 15+15 days
T2-R15,Does the 1997 Labour Law cap dismissal indemnity at 6 months? Is that still the rule?,labour_law:article_089;seniority_indemnity:amendment,"[Labour Law Art. 89, p.17] | [MLVT Seniority Guidance 2. Amendment Requiring the Payment of Seniority Indemnity, p.3] | [Labour Law Art. 110, p.21]",1,yes,superseded article trap
T2-R16,"What is the minimum age for old-age pension under the Law on Social Security Schemes, and how many months of contributions are needed?",social_security:article_031;social_security:article_032,"[Social Security Law Art. 31, p.9] | [Social Security Law Art. 26, p.8] | [Social Security Law Art. 33, p.9]",1,yes,
T2-R17,How far in advance must annual leave be requested at Mekong Apparel?,internal_work_rules:section_07,[Internal Work Rules §5.1 Annual leave] | [Internal Work Rules §5.3 Special leave] | [Internal Work Rules §8. Use of the HR assistant chatbot],1,yes,
T2-R18,When do I need a medical certificate for sick leave?,internal_work_rules:section_08,"[Internal Work Rules §5.2 Sick leave] | [Social Security Law Art. 49, p.13] | [Social Security Law Art. 85, p.20]",1,yes,
T2-R19,"How many times a month must wages be paid, and how is the pay split?",payment_of_wages:article_001,"[Labour Law Art. 116, p.22] | [MLVT Seniority Guidance 1. Scope of the Implementation of Seniority Indemnity, p.2] | [Internal Work Rules §4. Pay]",4,NO,
T2-R20,What is the maximum fine for an employer who pays below the minimum wage?,minimum_wage:article_024,"[Minimum Wage Law Art. 24, p.10] | [Labour Law Art. 130, p.24] | [Minimum Wage Law Art. 27, p.11]",1,yes,translation error trap
T2-R21,How many members does the National Minimum Wage Council have?,minimum_wage:article_017,"[Minimum Wage Law Art. 17, p.7] | [Minimum Wage Law Art. 20, p.8] | [Minimum Wage Law Art. 18, p.8]",1,yes,
T2-R22,Are Articles 104-109 of the 1997 Labour Law on minimum wage still in force?,minimum_wage:article_029;labour_law:article_104,"[Minimum Wage Law Art. 29, p.11] | [Labour Law Art. 104, p.20] | [Labour Law Art. 109, p.21]",1,yes,abrogated articles trap
T2-R23,"A worker with 8 months of service goes on maternity leave. Does the employer pay half wages, and can she get the NSSF maternity allowance?",labour_law:article_183;social_security:article_055,"[Labour Law Art. 182, p.33] | [Social Security Law Art. 55, p.14] | [Labour Law Art. 183, p.33]",2,yes,needs two places
T2-R24,Can Mekong Apparel pay wages once a month at the end of the month?,payment_of_wages:article_001;internal_work_rules:section_05,"[Internal Work Rules §4. Pay] | [Labour Law Art. 116, p.22] | [Prakas 442 Art. 1, p.1]",1,yes,needs two places
